<?xml version="1.0" encoding="UTF-8"?>

<!-- ====================================================================== -->
<!-- Ant build file (http://ant.apache.org/) for Ant 1.6.2 or above.        -->
<!-- ====================================================================== -->

<!-- ====================================================================== -->
<!-- ===================== - DO NOT EDIT THIS FILE! - ===================== -->
<!-- ====================================================================== -->
<!--                                                                        -->
<!-- Any modifications will be overwritten.                                 -->
<!--                                                                        -->
<!-- Generated by Maven Ant Plugin on 12/11/22, 2:00 AM                     -->
<!-- See: http://maven.apache.org/plugins/maven-ant-plugin/                 -->
<!--                                                                        -->
<!-- ====================================================================== -->

<project name="Game2048-from-maven" default="package" basedir=".">

  <!-- ====================================================================== -->
  <!-- Build environment properties                                           -->
  <!-- ====================================================================== -->

  <property file="${user.home}/.m2/maven.properties"/>
  <property file="maven-build.properties"/>

  <property name="maven.build.finalName" value="Game2048-1.0-SNAPSHOT"/>
  <property name="maven.build.dir" value="target"/>
  <property name="maven.build.outputDir" value="${maven.build.dir}/classes"/>
  <property name="maven.build.srcDir.0" value="src/main/java"/>
  <property name="maven.build.resourceDir.0" value="src/main/resources"/>
  <property name="maven.build.testOutputDir" value="${maven.build.dir}/test-classes"/>
  <property name="maven.build.testDir.0" value="src/test/java"/>
  <property name="maven.build.testResourceDir.0" value="src/test/resources"/>
  <property name="maven.test.reports" value="${maven.build.dir}/test-reports"/>
  <property name="maven.reporting.outputDirectory" value="${maven.build.dir}/site"/>

  <property name="maven.repo.local" value="${user.home}/.m2/repository"/>
  <property name="maven.settings.offline" value="false"/>
  <property name="maven.settings.interactiveMode" value="true"/>

  <!-- ====================================================================== -->
  <!-- Defining classpaths                                                    -->
  <!-- ====================================================================== -->

  <path id="build.classpath">
    <pathelement location="${maven.repo.local}/org/openjfx/javafx-controls/19/javafx-controls-19.jar"/>
    <pathelement location="${maven.repo.local}/org/openjfx/javafx-controls/19/javafx-controls-19-win.jar"/>
    <pathelement location="${maven.repo.local}/org/openjfx/javafx-graphics/19/javafx-graphics-19.jar"/>
    <pathelement location="${maven.repo.local}/org/openjfx/javafx-graphics/19/javafx-graphics-19-win.jar"/>
    <pathelement location="${maven.repo.local}/org/openjfx/javafx-base/19/javafx-base-19.jar"/>
    <pathelement location="${maven.repo.local}/org/openjfx/javafx-base/19/javafx-base-19-win.jar"/>
    <pathelement location="${maven.repo.local}/org/openjfx/javafx-fxml/19/javafx-fxml-19.jar"/>
    <pathelement location="${maven.repo.local}/org/openjfx/javafx-fxml/19/javafx-fxml-19-win.jar"/>
    <pathelement location="${maven.repo.local}/org/openjfx/javafx-media/19/javafx-media-19.jar"/>
    <pathelement location="${maven.repo.local}/org/openjfx/javafx-media/19/javafx-media-19-win.jar"/>
    <pathelement location="${maven.repo.local}/org/controlsfx/controlsfx/11.1.1/controlsfx-11.1.1.jar"/>
    <pathelement location="${maven.repo.local}/com/dlsc/formsfx/formsfx-core/11.5.0/formsfx-core-11.5.0.jar"/>
    <pathelement location="${maven.repo.local}/net/synedra/validatorfx/0.3.1/validatorfx-0.3.1.jar"/>
    <pathelement location="${maven.repo.local}/com/github/almasb/fxgl/17.1/fxgl-17.1.jar"/>
    <pathelement location="${maven.repo.local}/com/github/almasb/fxgl-core/17.1/fxgl-core-17.1.jar"/>
    <pathelement location="${maven.repo.local}/com/gluonhq/attach/audio/4.0.13/audio-4.0.13.jar"/>
    <pathelement location="${maven.repo.local}/com/github/almasb/fxgl-io/17.1/fxgl-io-17.1.jar"/>
    <pathelement location="${maven.repo.local}/com/gluonhq/attach/storage/4.0.13/storage-4.0.13.jar"/>
    <pathelement location="${maven.repo.local}/com/gluonhq/attach/util/4.0.13/util-4.0.13.jar"/>
    <pathelement location="${maven.repo.local}/com/github/almasb/fxgl-entity/17.1/fxgl-entity-17.1.jar"/>
    <pathelement location="${maven.repo.local}/com/github/almasb/fxgl-scene/17.1/fxgl-scene-17.1.jar"/>
    <pathelement location="${maven.repo.local}/com/github/almasb/fxgl-gameplay/17.1/fxgl-gameplay-17.1.jar"/>
    <pathelement location="${maven.repo.local}/com/fasterxml/jackson/core/jackson-annotations/2.12.1/jackson-annotations-2.12.1.jar"/>
    <pathelement location="${maven.repo.local}/com/fasterxml/jackson/core/jackson-databind/2.12.1/jackson-databind-2.12.1.jar"/>
    <pathelement location="${maven.repo.local}/com/fasterxml/jackson/core/jackson-core/2.12.1/jackson-core-2.12.1.jar"/>
    <pathelement location="${maven.repo.local}/com/gluonhq/attach/lifecycle/4.0.13/lifecycle-4.0.13.jar"/>
    <pathelement location="${maven.repo.local}/org/jetbrains/kotlin/kotlin-stdlib/1.5.32/kotlin-stdlib-1.5.32-modular.jar"/>
    <pathelement location="${maven.repo.local}/org/jetbrains/annotations/13.0/annotations-13.0.jar"/>
    <pathelement location="${maven.repo.local}/org/jetbrains/kotlin/kotlin-stdlib-common/1.5.32/kotlin-stdlib-common-1.5.32.jar"/>
  </path>
  <path id="build.test.classpath">
    <pathelement location="${maven.repo.local}/org/openjfx/javafx-controls/19/javafx-controls-19.jar"/>
    <pathelement location="${maven.repo.local}/org/openjfx/javafx-controls/19/javafx-controls-19-win.jar"/>
    <pathelement location="${maven.repo.local}/org/openjfx/javafx-graphics/19/javafx-graphics-19.jar"/>
    <pathelement location="${maven.repo.local}/org/openjfx/javafx-graphics/19/javafx-graphics-19-win.jar"/>
    <pathelement location="${maven.repo.local}/org/openjfx/javafx-base/19/javafx-base-19.jar"/>
    <pathelement location="${maven.repo.local}/org/openjfx/javafx-base/19/javafx-base-19-win.jar"/>
    <pathelement location="${maven.repo.local}/org/openjfx/javafx-fxml/19/javafx-fxml-19.jar"/>
    <pathelement location="${maven.repo.local}/org/openjfx/javafx-fxml/19/javafx-fxml-19-win.jar"/>
    <pathelement location="${maven.repo.local}/org/openjfx/javafx-media/19/javafx-media-19.jar"/>
    <pathelement location="${maven.repo.local}/org/openjfx/javafx-media/19/javafx-media-19-win.jar"/>
    <pathelement location="${maven.repo.local}/org/controlsfx/controlsfx/11.1.1/controlsfx-11.1.1.jar"/>
    <pathelement location="${maven.repo.local}/com/dlsc/formsfx/formsfx-core/11.5.0/formsfx-core-11.5.0.jar"/>
    <pathelement location="${maven.repo.local}/net/synedra/validatorfx/0.3.1/validatorfx-0.3.1.jar"/>
    <pathelement location="${maven.repo.local}/com/github/almasb/fxgl/17.1/fxgl-17.1.jar"/>
    <pathelement location="${maven.repo.local}/com/github/almasb/fxgl-core/17.1/fxgl-core-17.1.jar"/>
    <pathelement location="${maven.repo.local}/com/gluonhq/attach/audio/4.0.13/audio-4.0.13.jar"/>
    <pathelement location="${maven.repo.local}/com/github/almasb/fxgl-io/17.1/fxgl-io-17.1.jar"/>
    <pathelement location="${maven.repo.local}/com/gluonhq/attach/storage/4.0.13/storage-4.0.13.jar"/>
    <pathelement location="${maven.repo.local}/com/gluonhq/attach/util/4.0.13/util-4.0.13.jar"/>
    <pathelement location="${maven.repo.local}/com/github/almasb/fxgl-entity/17.1/fxgl-entity-17.1.jar"/>
    <pathelement location="${maven.repo.local}/com/github/almasb/fxgl-scene/17.1/fxgl-scene-17.1.jar"/>
    <pathelement location="${maven.repo.local}/com/github/almasb/fxgl-gameplay/17.1/fxgl-gameplay-17.1.jar"/>
    <pathelement location="${maven.repo.local}/com/fasterxml/jackson/core/jackson-annotations/2.12.1/jackson-annotations-2.12.1.jar"/>
    <pathelement location="${maven.repo.local}/com/fasterxml/jackson/core/jackson-databind/2.12.1/jackson-databind-2.12.1.jar"/>
    <pathelement location="${maven.repo.local}/com/fasterxml/jackson/core/jackson-core/2.12.1/jackson-core-2.12.1.jar"/>
    <pathelement location="${maven.repo.local}/com/gluonhq/attach/lifecycle/4.0.13/lifecycle-4.0.13.jar"/>
    <pathelement location="${maven.repo.local}/org/jetbrains/kotlin/kotlin-stdlib/1.5.32/kotlin-stdlib-1.5.32-modular.jar"/>
    <pathelement location="${maven.repo.local}/org/jetbrains/annotations/13.0/annotations-13.0.jar"/>
    <pathelement location="${maven.repo.local}/org/jetbrains/kotlin/kotlin-stdlib-common/1.5.32/kotlin-stdlib-common-1.5.32.jar"/>
    <pathelement location="${maven.repo.local}/org/junit/jupiter/junit-jupiter-api/5.9.1/junit-jupiter-api-5.9.1.jar"/>
    <pathelement location="${maven.repo.local}/org/opentest4j/opentest4j/1.2.0/opentest4j-1.2.0.jar"/>
    <pathelement location="${maven.repo.local}/org/junit/platform/junit-platform-commons/1.9.1/junit-platform-commons-1.9.1.jar"/>
    <pathelement location="${maven.repo.local}/org/apiguardian/apiguardian-api/1.1.2/apiguardian-api-1.1.2.jar"/>
    <pathelement location="${maven.repo.local}/org/junit/jupiter/junit-jupiter-engine/5.9.1/junit-jupiter-engine-5.9.1.jar"/>
    <pathelement location="${maven.repo.local}/org/junit/platform/junit-platform-engine/1.9.1/junit-platform-engine-1.9.1.jar"/>
  </path>

  <!-- ====================================================================== -->
  <!-- Cleaning up target                                                     -->
  <!-- ====================================================================== -->

  <target name="clean" description="Clean the output directory">
    <delete dir="${maven.build.dir}"/>
  </target>

  <!-- ====================================================================== -->
  <!-- Compilation target                                                     -->
  <!-- ====================================================================== -->

  <target name="compile" depends="get-deps" description="Compile the code">
    <mkdir dir="${maven.build.outputDir}"/>
    <javac destdir="${maven.build.outputDir}" 
           nowarn="false" 
           debug="true" 
           optimize="false" 
           deprecation="true" 
           target="19" 
           verbose="false" 
           fork="false" 
           source="19">
      <src>
        <pathelement location="${maven.build.srcDir.0}"/>
      </src>
      <classpath refid="build.classpath"/>
    </javac>
    <copy todir="${maven.build.outputDir}">
      <fileset dir="${maven.build.resourceDir.0}"/>
    </copy>
  </target>

  <!-- ====================================================================== -->
  <!-- Test-compilation target                                                -->
  <!-- ====================================================================== -->

  <target name="compile-tests" 
          depends="compile" 
          description="Compile the test code" 
          unless="maven.test.skip">
    <mkdir dir="${maven.build.testOutputDir}"/>
    <javac destdir="${maven.build.testOutputDir}" 
           nowarn="false" 
           debug="true" 
           optimize="false" 
           deprecation="true" 
           target="19" 
           verbose="false" 
           fork="false" 
           source="19">
      <src>
        <pathelement location="${maven.build.testDir.0}"/>
      </src>
      <classpath>
        <path refid="build.test.classpath"/>
        <pathelement location="${maven.build.outputDir}"/>
      </classpath>
    </javac>
  </target>

  <!-- ====================================================================== -->
  <!-- Run all tests                                                          -->
  <!-- ====================================================================== -->

  <target name="test" 
          depends="compile-tests, junit-missing" 
          unless="junit.skipped" 
          description="Run the test cases">
    <mkdir dir="${maven.test.reports}"/>
    <junit printSummary="yes" haltonerror="true" haltonfailure="true" fork="true" dir=".">
      <sysproperty key="basedir" value="."/>
      <formatter type="xml"/>
      <formatter type="plain" usefile="false"/>
      <classpath>
        <path refid="build.test.classpath"/>
        <pathelement location="${maven.build.outputDir}"/>
        <pathelement location="${maven.build.testOutputDir}"/>
      </classpath>
      <batchtest todir="${maven.test.reports}" unless="test">
        <fileset dir="${maven.build.testDir.0}">
          <include name="**/Test*.java"/>
          <include name="**/*Test.java"/>
          <include name="**/*TestCase.java"/>
          <exclude name="**/*Abstract*Test.java"/>
        </fileset>
      </batchtest>
      <batchtest todir="${maven.test.reports}" if="test">
        <fileset dir="${maven.build.testDir.0}">
          <include name="**/${test}.java"/>
          <exclude name="**/*Abstract*Test.java"/>
        </fileset>
      </batchtest>
    </junit>
  </target>

  <target name="test-junit-present">
    <available classname="junit.framework.Test" property="junit.present" classpathref="build.test.classpath"/>
  </target>

  <target name="test-junit-status" 
          depends="test-junit-present">
    <condition property="junit.missing">
      <and>
        <isfalse value="${junit.present}"/>
        <isfalse value="${maven.test.skip}"/>
      </and>
    </condition>
    <condition property="junit.skipped">
      <or>
        <isfalse value="${junit.present}"/>
        <istrue value="${maven.test.skip}"/>
      </or>
    </condition>
  </target>

  <target name="junit-missing" 
          depends="test-junit-status" 
          if="junit.missing">
    <echo>=================================== WARNING ===================================</echo>
    <echo> JUnit is not present in the test classpath or your $ANT_HOME/lib directory. Tests not executed.</echo>
    <echo>===============================================================================</echo>
  </target>

  <!-- ====================================================================== -->
  <!-- Javadoc target                                                         -->
  <!-- ====================================================================== -->

  <target name="javadoc" description="Generates the Javadoc of the application">
    <javadoc sourcepath="${maven.build.srcDir.0}" 
             packagenames="*" 
             destdir="${maven.reporting.outputDirectory}/apidocs" 
             access="protected" 
             old="false" 
             verbose="false" 
             version="true" 
             use="true" 
             author="true" 
             splitindex="false" 
             nodeprecated="false" 
             nodeprecatedlist="false" 
             notree="false" 
             noindex="false" 
             nohelp="false" 
             nonavbar="false" 
             serialwarn="false" 
             charset="ISO-8859-1" 
             linksource="false" 
             breakiterator="false"/>
  </target>

  <!-- ====================================================================== -->
  <!-- Package target                                                         -->
  <!-- ====================================================================== -->

  <target name="package" depends="compile,test" description="Package the application">
    <jar jarfile="${maven.build.dir}/${maven.build.finalName}.jar" 
         compress="true" 
         index="false" 
         basedir="${maven.build.outputDir}" 
         excludes="**/package.html"/>
  </target>

  <!-- ====================================================================== -->
  <!-- A dummy target for the package named after the type it creates         -->
  <!-- ====================================================================== -->

  <target name="jar" depends="package" description="Builds the jar for the application"/>

  <!-- ====================================================================== -->
  <!-- Download dependencies target                                           -->
  <!-- ====================================================================== -->

  <target name="test-offline">
    <condition property="maven.mode.offline">
      <equals arg1="${maven.settings.offline}" arg2="true"/>
    </condition>
  </target>

  <target name="get-deps" 
          depends="test-offline" 
          description="Download all dependencies" 
          unless="maven.mode.offline">
    <mkdir dir="${maven.repo.local}"/>
    <mkdir dir="${maven.repo.local}/org/openjfx/javafx-controls/19"/>
    <get src="https://repo.maven.apache.org/maven2/org/openjfx/javafx-controls/19/javafx-controls-19.jar" 
         dest="${maven.repo.local}/org/openjfx/javafx-controls/19/javafx-controls-19.jar" 
         usetimestamp="false" 
         ignoreerrors="true"/>
    <mkdir dir="${maven.repo.local}/org/openjfx/javafx-controls/19"/>
    <get src="https://repo.maven.apache.org/maven2/org/openjfx/javafx-controls/19/javafx-controls-19-win.jar" 
         dest="${maven.repo.local}/org/openjfx/javafx-controls/19/javafx-controls-19-win.jar" 
         usetimestamp="false" 
         ignoreerrors="true"/>
    <mkdir dir="${maven.repo.local}/org/openjfx/javafx-graphics/19"/>
    <get src="https://repo.maven.apache.org/maven2/org/openjfx/javafx-graphics/19/javafx-graphics-19.jar" 
         dest="${maven.repo.local}/org/openjfx/javafx-graphics/19/javafx-graphics-19.jar" 
         usetimestamp="false" 
         ignoreerrors="true"/>
    <mkdir dir="${maven.repo.local}/org/openjfx/javafx-graphics/19"/>
    <get src="https://repo.maven.apache.org/maven2/org/openjfx/javafx-graphics/19/javafx-graphics-19-win.jar" 
         dest="${maven.repo.local}/org/openjfx/javafx-graphics/19/javafx-graphics-19-win.jar" 
         usetimestamp="false" 
         ignoreerrors="true"/>
    <mkdir dir="${maven.repo.local}/org/openjfx/javafx-base/19"/>
    <get src="https://repo.maven.apache.org/maven2/org/openjfx/javafx-base/19/javafx-base-19.jar" 
         dest="${maven.repo.local}/org/openjfx/javafx-base/19/javafx-base-19.jar" 
         usetimestamp="false" 
         ignoreerrors="true"/>
    <mkdir dir="${maven.repo.local}/org/openjfx/javafx-base/19"/>
    <get src="https://repo.maven.apache.org/maven2/org/openjfx/javafx-base/19/javafx-base-19-win.jar" 
         dest="${maven.repo.local}/org/openjfx/javafx-base/19/javafx-base-19-win.jar" 
         usetimestamp="false" 
         ignoreerrors="true"/>
    <mkdir dir="${maven.repo.local}/org/openjfx/javafx-fxml/19"/>
    <get src="https://repo.maven.apache.org/maven2/org/openjfx/javafx-fxml/19/javafx-fxml-19.jar" 
         dest="${maven.repo.local}/org/openjfx/javafx-fxml/19/javafx-fxml-19.jar" 
         usetimestamp="false" 
         ignoreerrors="true"/>
    <mkdir dir="${maven.repo.local}/org/openjfx/javafx-fxml/19"/>
    <get src="https://repo.maven.apache.org/maven2/org/openjfx/javafx-fxml/19/javafx-fxml-19-win.jar" 
         dest="${maven.repo.local}/org/openjfx/javafx-fxml/19/javafx-fxml-19-win.jar" 
         usetimestamp="false" 
         ignoreerrors="true"/>
    <mkdir dir="${maven.repo.local}/org/openjfx/javafx-media/19"/>
    <get src="https://repo.maven.apache.org/maven2/org/openjfx/javafx-media/19/javafx-media-19.jar" 
         dest="${maven.repo.local}/org/openjfx/javafx-media/19/javafx-media-19.jar" 
         usetimestamp="false" 
         ignoreerrors="true"/>
    <mkdir dir="${maven.repo.local}/org/openjfx/javafx-media/19"/>
    <get src="https://repo.maven.apache.org/maven2/org/openjfx/javafx-media/19/javafx-media-19-win.jar" 
         dest="${maven.repo.local}/org/openjfx/javafx-media/19/javafx-media-19-win.jar" 
         usetimestamp="false" 
         ignoreerrors="true"/>
    <mkdir dir="${maven.repo.local}/org/controlsfx/controlsfx/11.1.1"/>
    <get src="https://repo.maven.apache.org/maven2/org/controlsfx/controlsfx/11.1.1/controlsfx-11.1.1.jar" 
         dest="${maven.repo.local}/org/controlsfx/controlsfx/11.1.1/controlsfx-11.1.1.jar" 
         usetimestamp="false" 
         ignoreerrors="true"/>
    <mkdir dir="${maven.repo.local}/com/dlsc/formsfx/formsfx-core/11.5.0"/>
    <get src="https://repo.maven.apache.org/maven2/com/dlsc/formsfx/formsfx-core/11.5.0/formsfx-core-11.5.0.jar" 
         dest="${maven.repo.local}/com/dlsc/formsfx/formsfx-core/11.5.0/formsfx-core-11.5.0.jar" 
         usetimestamp="false" 
         ignoreerrors="true"/>
    <mkdir dir="${maven.repo.local}/net/synedra/validatorfx/0.3.1"/>
    <get src="https://repo.maven.apache.org/maven2/net/synedra/validatorfx/0.3.1/validatorfx-0.3.1.jar" 
         dest="${maven.repo.local}/net/synedra/validatorfx/0.3.1/validatorfx-0.3.1.jar" 
         usetimestamp="false" 
         ignoreerrors="true"/>
    <mkdir dir="${maven.repo.local}/com/github/almasb/fxgl/17.1"/>
    <get src="https://repo.maven.apache.org/maven2/com/github/almasb/fxgl/17.1/fxgl-17.1.jar" 
         dest="${maven.repo.local}/com/github/almasb/fxgl/17.1/fxgl-17.1.jar" 
         usetimestamp="false" 
         ignoreerrors="true"/>
    <mkdir dir="${maven.repo.local}/com/github/almasb/fxgl-core/17.1"/>
    <get src="https://repo.maven.apache.org/maven2/com/github/almasb/fxgl-core/17.1/fxgl-core-17.1.jar" 
         dest="${maven.repo.local}/com/github/almasb/fxgl-core/17.1/fxgl-core-17.1.jar" 
         usetimestamp="false" 
         ignoreerrors="true"/>
    <mkdir dir="${maven.repo.local}/com/gluonhq/attach/audio/4.0.13"/>
    <get src="https://repo.maven.apache.org/maven2/com/gluonhq/attach/audio/4.0.13/audio-4.0.13.jar" 
         dest="${maven.repo.local}/com/gluonhq/attach/audio/4.0.13/audio-4.0.13.jar" 
         usetimestamp="false" 
         ignoreerrors="true"/>
    <mkdir dir="${maven.repo.local}/com/github/almasb/fxgl-io/17.1"/>
    <get src="https://repo.maven.apache.org/maven2/com/github/almasb/fxgl-io/17.1/fxgl-io-17.1.jar" 
         dest="${maven.repo.local}/com/github/almasb/fxgl-io/17.1/fxgl-io-17.1.jar" 
         usetimestamp="false" 
         ignoreerrors="true"/>
    <mkdir dir="${maven.repo.local}/com/gluonhq/attach/storage/4.0.13"/>
    <get src="https://repo.maven.apache.org/maven2/com/gluonhq/attach/storage/4.0.13/storage-4.0.13.jar" 
         dest="${maven.repo.local}/com/gluonhq/attach/storage/4.0.13/storage-4.0.13.jar" 
         usetimestamp="false" 
         ignoreerrors="true"/>
    <mkdir dir="${maven.repo.local}/com/gluonhq/attach/util/4.0.13"/>
    <get src="https://repo.maven.apache.org/maven2/com/gluonhq/attach/util/4.0.13/util-4.0.13.jar" 
         dest="${maven.repo.local}/com/gluonhq/attach/util/4.0.13/util-4.0.13.jar" 
         usetimestamp="false" 
         ignoreerrors="true"/>
    <mkdir dir="${maven.repo.local}/com/github/almasb/fxgl-entity/17.1"/>
    <get src="https://repo.maven.apache.org/maven2/com/github/almasb/fxgl-entity/17.1/fxgl-entity-17.1.jar" 
         dest="${maven.repo.local}/com/github/almasb/fxgl-entity/17.1/fxgl-entity-17.1.jar" 
         usetimestamp="false" 
         ignoreerrors="true"/>
    <mkdir dir="${maven.repo.local}/com/github/almasb/fxgl-scene/17.1"/>
    <get src="https://repo.maven.apache.org/maven2/com/github/almasb/fxgl-scene/17.1/fxgl-scene-17.1.jar" 
         dest="${maven.repo.local}/com/github/almasb/fxgl-scene/17.1/fxgl-scene-17.1.jar" 
         usetimestamp="false" 
         ignoreerrors="true"/>
    <mkdir dir="${maven.repo.local}/com/github/almasb/fxgl-gameplay/17.1"/>
    <get src="https://repo.maven.apache.org/maven2/com/github/almasb/fxgl-gameplay/17.1/fxgl-gameplay-17.1.jar" 
         dest="${maven.repo.local}/com/github/almasb/fxgl-gameplay/17.1/fxgl-gameplay-17.1.jar" 
         usetimestamp="false" 
         ignoreerrors="true"/>
    <mkdir dir="${maven.repo.local}/com/fasterxml/jackson/core/jackson-annotations/2.12.1"/>
    <get src="https://repo.maven.apache.org/maven2/com/fasterxml/jackson/core/jackson-annotations/2.12.1/jackson-annotations-2.12.1.jar" 
         dest="${maven.repo.local}/com/fasterxml/jackson/core/jackson-annotations/2.12.1/jackson-annotations-2.12.1.jar" 
         usetimestamp="false" 
         ignoreerrors="true"/>
    <mkdir dir="${maven.repo.local}/com/fasterxml/jackson/core/jackson-databind/2.12.1"/>
    <get src="https://repo.maven.apache.org/maven2/com/fasterxml/jackson/core/jackson-databind/2.12.1/jackson-databind-2.12.1.jar" 
         dest="${maven.repo.local}/com/fasterxml/jackson/core/jackson-databind/2.12.1/jackson-databind-2.12.1.jar" 
         usetimestamp="false" 
         ignoreerrors="true"/>
    <mkdir dir="${maven.repo.local}/com/fasterxml/jackson/core/jackson-core/2.12.1"/>
    <get src="https://repo.maven.apache.org/maven2/com/fasterxml/jackson/core/jackson-core/2.12.1/jackson-core-2.12.1.jar" 
         dest="${maven.repo.local}/com/fasterxml/jackson/core/jackson-core/2.12.1/jackson-core-2.12.1.jar" 
         usetimestamp="false" 
         ignoreerrors="true"/>
    <mkdir dir="${maven.repo.local}/com/gluonhq/attach/lifecycle/4.0.13"/>
    <get src="https://repo.maven.apache.org/maven2/com/gluonhq/attach/lifecycle/4.0.13/lifecycle-4.0.13.jar" 
         dest="${maven.repo.local}/com/gluonhq/attach/lifecycle/4.0.13/lifecycle-4.0.13.jar" 
         usetimestamp="false" 
         ignoreerrors="true"/>
    <mkdir dir="${maven.repo.local}/org/jetbrains/kotlin/kotlin-stdlib/1.5.32"/>
    <get src="https://repo.maven.apache.org/maven2/org/jetbrains/kotlin/kotlin-stdlib/1.5.32/kotlin-stdlib-1.5.32-modular.jar" 
         dest="${maven.repo.local}/org/jetbrains/kotlin/kotlin-stdlib/1.5.32/kotlin-stdlib-1.5.32-modular.jar" 
         usetimestamp="false" 
         ignoreerrors="true"/>
    <mkdir dir="${maven.repo.local}/org/jetbrains/annotations/13.0"/>
    <get src="https://repo.maven.apache.org/maven2/org/jetbrains/annotations/13.0/annotations-13.0.jar" 
         dest="${maven.repo.local}/org/jetbrains/annotations/13.0/annotations-13.0.jar" 
         usetimestamp="false" 
         ignoreerrors="true"/>
    <mkdir dir="${maven.repo.local}/org/jetbrains/kotlin/kotlin-stdlib-common/1.5.32"/>
    <get src="https://repo.maven.apache.org/maven2/org/jetbrains/kotlin/kotlin-stdlib-common/1.5.32/kotlin-stdlib-common-1.5.32.jar" 
         dest="${maven.repo.local}/org/jetbrains/kotlin/kotlin-stdlib-common/1.5.32/kotlin-stdlib-common-1.5.32.jar" 
         usetimestamp="false" 
         ignoreerrors="true"/>
    <mkdir dir="${maven.repo.local}/org/junit/jupiter/junit-jupiter-api/5.9.1"/>
    <get src="https://repo.maven.apache.org/maven2/org/junit/jupiter/junit-jupiter-api/5.9.1/junit-jupiter-api-5.9.1.jar" 
         dest="${maven.repo.local}/org/junit/jupiter/junit-jupiter-api/5.9.1/junit-jupiter-api-5.9.1.jar" 
         usetimestamp="false" 
         ignoreerrors="true"/>
    <mkdir dir="${maven.repo.local}/org/opentest4j/opentest4j/1.2.0"/>
    <get src="https://repo.maven.apache.org/maven2/org/opentest4j/opentest4j/1.2.0/opentest4j-1.2.0.jar" 
         dest="${maven.repo.local}/org/opentest4j/opentest4j/1.2.0/opentest4j-1.2.0.jar" 
         usetimestamp="false" 
         ignoreerrors="true"/>
    <mkdir dir="${maven.repo.local}/org/junit/platform/junit-platform-commons/1.9.1"/>
    <get src="https://repo.maven.apache.org/maven2/org/junit/platform/junit-platform-commons/1.9.1/junit-platform-commons-1.9.1.jar" 
         dest="${maven.repo.local}/org/junit/platform/junit-platform-commons/1.9.1/junit-platform-commons-1.9.1.jar" 
         usetimestamp="false" 
         ignoreerrors="true"/>
    <mkdir dir="${maven.repo.local}/org/apiguardian/apiguardian-api/1.1.2"/>
    <get src="https://repo.maven.apache.org/maven2/org/apiguardian/apiguardian-api/1.1.2/apiguardian-api-1.1.2.jar" 
         dest="${maven.repo.local}/org/apiguardian/apiguardian-api/1.1.2/apiguardian-api-1.1.2.jar" 
         usetimestamp="false" 
         ignoreerrors="true"/>
    <mkdir dir="${maven.repo.local}/org/junit/jupiter/junit-jupiter-engine/5.9.1"/>
    <get src="https://repo.maven.apache.org/maven2/org/junit/jupiter/junit-jupiter-engine/5.9.1/junit-jupiter-engine-5.9.1.jar" 
         dest="${maven.repo.local}/org/junit/jupiter/junit-jupiter-engine/5.9.1/junit-jupiter-engine-5.9.1.jar" 
         usetimestamp="false" 
         ignoreerrors="true"/>
    <mkdir dir="${maven.repo.local}/org/junit/platform/junit-platform-engine/1.9.1"/>
    <get src="https://repo.maven.apache.org/maven2/org/junit/platform/junit-platform-engine/1.9.1/junit-platform-engine-1.9.1.jar" 
         dest="${maven.repo.local}/org/junit/platform/junit-platform-engine/1.9.1/junit-platform-engine-1.9.1.jar" 
         usetimestamp="false" 
         ignoreerrors="true"/>
  </target>

</project>
